INSERT INTO product (id, name, price) VALUES ('a9d16515-dea7-416a-97fe-30f33b22b5fd', 'test product n', 350000.00);
INSERT INTO product (id, name, price) VALUES ('302bc04a-3703-48ca-8649-84092138b9d8', 'test product b', 50000.00);
INSERT INTO product (id, name, price) VALUES ('837cdd6e-95d7-4d34-97bb-4f0b941ea3c9', 'test product c', 100000.00);
INSERT INTO customer (id, name, birthdate, birthplace, created_by, created_at, updated_by, updated_at) VALUES ('5fabac5f-5c72-4a8f-bcb7-7bc5409548f3', 'test customer a', '2023-12-13 03:32:45', 'Jakarta', NULL, '2023-12-13 12:22:08.960414', NULL, '2023-12-13 12:22:08.960414');
INSERT INTO customer (id, name, birthdate, birthplace, created_by, created_at, updated_by, updated_at) VALUES ('70e9fa37-8ae9-4f85-8891-616fd70e0764', 'test customer b', '1996-12-13 13:00:00', 'Jakarta', NULL, '2023-12-14 06:39:12.948999', NULL, '2023-12-14 06:44:25.950178');
INSERT INTO tax (id, name, value) VALUES ('f2e3f65c-b527-4537-965a-6a57243781b4', 'test tax a', 0.05);
INSERT INTO tax (id, name, value) VALUES ('deebb7d8-14a9-41b2-98d5-10c683c327ca', 'test tax b', 0.15);
INSERT INTO tax (id, name, value) VALUES ('b5157aec-e4dd-4eee-a2fb-cf9b76050a7a', 'test tax c', 0.10);
INSERT INTO product_tax (id, product_id, tax_id) VALUES ('2ad94141-f74c-410c-84a9-ca3b383e7d76', '302bc04a-3703-48ca-8649-84092138b9d8', 'deebb7d8-14a9-41b2-98d5-10c683c327ca');
INSERT INTO product_tax (id, product_id, tax_id) VALUES ('b442ceb3-aeb1-4f63-84b9-82283b707fb3', '837cdd6e-95d7-4d34-97bb-4f0b941ea3c9', 'b5157aec-e4dd-4eee-a2fb-cf9b76050a7a');
INSERT INTO product_tax (id, product_id, tax_id) VALUES ('8250d272-3a45-4cef-a718-f616d92609ec', '837cdd6e-95d7-4d34-97bb-4f0b941ea3c9', 'deebb7d8-14a9-41b2-98d5-10c683c327ca');
INSERT INTO users (id, username, email, password, role_id, created_by, created_at, updated_by, updated_at) VALUES ('d563da1e-5e13-42b7-8669-5ca45bd5d778', 'test1', 'test@mail.com', '$2a$10$TQCgSjJMZP2B3Ce.An80HOwJnbX1XVPn8RHWvTM7nd8VyFgOMITNq', '2', NULL, '2023-12-14 05:52:45.753881', NULL, '2023-12-14 05:52:45.753881');
INSERT INTO users (id, username, email, password, role_id, created_by, created_at, updated_by, updated_at) VALUES ('7b7570b5-204c-4eb3-9178-1ba4469858c3', 'admin', 'admin@mail.com', '$2a$10$BqPqfvcb9JV5/SbYnOPyNutnWxxmhY.Em8YKdvzw/YdIu0bNqspwi', '1', NULL, '2023-12-14 07:00:54.916287', NULL, '2023-12-14 07:00:54.916287');
INSERT INTO transaction (id, nett_amt_paid, total_amt_paid, total_tax_paid, tx_time, payment_status, payment_method, customer_id, created_by, created_at, updated_by, updated_at) VALUES ('38b5ab6e-4be5-43bc-9c10-5acca160d4ba', 1150000.00, NULL, NULL, '2023-12-13 12:36:54.264098', 'PAID', 'BANK_TRANSFER', '5fabac5f-5c72-4a8f-bcb7-7bc5409548f3', NULL, '2023-12-13 12:36:54.273049', NULL, '2023-12-13 12:36:54.273049');
INSERT INTO transaction (id, nett_amt_paid, total_amt_paid, total_tax_paid, tx_time, payment_status, payment_method, customer_id, created_by, created_at, updated_by, updated_at) VALUES ('4a709cc9-9f0c-4d1c-bee9-1bc44554fb60', 800000.00, 807500.00, 7500.00, '2023-12-13 13:12:35.751016', 'PAID', 'XENDIT', '5fabac5f-5c72-4a8f-bcb7-7bc5409548f3', NULL, '2023-12-13 13:12:35.760309', NULL, '2023-12-13 13:12:35.760309');
INSERT INTO transaction (id, nett_amt_paid, total_amt_paid, total_tax_paid, tx_time, payment_status, payment_method, customer_id, created_by, created_at, updated_by, updated_at) VALUES ('d1ac8358-341d-43f5-81fa-c19b04e91039', 550000.00, 580000.00, 30000.00, '2023-12-13 03:32:45', 'PAID', 'XENDIT', '5fabac5f-5c72-4a8f-bcb7-7bc5409548f3', NULL, '2023-12-13 13:22:02.322977', NULL, '2023-12-13 16:39:22.276797');
INSERT INTO transaction (id, nett_amt_paid, total_amt_paid, total_tax_paid, tx_time, payment_status, payment_method, customer_id, created_by, created_at, updated_by, updated_at) VALUES ('ad744624-96cb-449f-891f-47c671276856', 900000.00, 950000.00, 50000.00, '2023-12-14 07:38:07.38452', 'PAID', 'XENDIT', '5fabac5f-5c72-4a8f-bcb7-7bc5409548f3', NULL, '2023-12-14 07:38:07.393055', NULL, '2023-12-14 07:38:07.393055');
INSERT INTO transaction_item (id, tx_id, product_id, amt, created_by, created_at, updated_by, updated_at) VALUES ('d7885f11-200c-470c-90de-25a1a022ad5b', '38b5ab6e-4be5-43bc-9c10-5acca160d4ba', 'a9d16515-dea7-416a-97fe-30f33b22b5fd', 3, NULL, '2023-12-13 12:36:54.292707', NULL, '2023-12-13 12:36:54.292707');
INSERT INTO transaction_item (id, tx_id, product_id, amt, created_by, created_at, updated_by, updated_at) VALUES ('4e371088-471c-4d2a-b2b6-e355c21d4009', '38b5ab6e-4be5-43bc-9c10-5acca160d4ba', '302bc04a-3703-48ca-8649-84092138b9d8', 2, NULL, '2023-12-13 12:36:54.294122', NULL, '2023-12-13 12:36:54.294122');
INSERT INTO transaction_item (id, tx_id, product_id, amt, created_by, created_at, updated_by, updated_at) VALUES ('8ae14ae2-255b-49ca-9acc-fd0f836e0878', '4a709cc9-9f0c-4d1c-bee9-1bc44554fb60', 'a9d16515-dea7-416a-97fe-30f33b22b5fd', 2, NULL, '2023-12-13 13:12:35.779952', NULL, '2023-12-13 13:12:35.779952');
INSERT INTO transaction_item (id, tx_id, product_id, amt, created_by, created_at, updated_by, updated_at) VALUES ('d5838133-b49d-438b-8807-f42ec422f71a', '4a709cc9-9f0c-4d1c-bee9-1bc44554fb60', '302bc04a-3703-48ca-8649-84092138b9d8', 2, NULL, '2023-12-13 13:12:35.781339', NULL, '2023-12-13 13:12:35.781339');
INSERT INTO transaction_item (id, tx_id, product_id, amt, created_by, created_at, updated_by, updated_at) VALUES ('d4c60c11-b2c6-4a0f-8329-b84228645848', 'd1ac8358-341d-43f5-81fa-c19b04e91039', 'a9d16515-dea7-416a-97fe-30f33b22b5fd', 1, NULL, '2023-12-13 13:22:02.343066', NULL, '2023-12-13 16:38:55.079096');
INSERT INTO transaction_item (id, tx_id, product_id, amt, created_by, created_at, updated_by, updated_at) VALUES ('4fd323ba-7072-4676-a74e-7bc305afa293', 'd1ac8358-341d-43f5-81fa-c19b04e91039', '302bc04a-3703-48ca-8649-84092138b9d8', 4, NULL, '2023-12-13 13:22:02.344579', NULL, '2023-12-13 16:39:22.277137');
INSERT INTO transaction_item (id, tx_id, product_id, amt, created_by, created_at, updated_by, updated_at) VALUES ('96878745-cc1f-46bc-b18b-a6a17be3211c', 'ad744624-96cb-449f-891f-47c671276856', 'a9d16515-dea7-416a-97fe-30f33b22b5fd', 2, NULL, '2023-12-14 07:38:07.405733', NULL, '2023-12-14 07:38:07.405733');
INSERT INTO transaction_item (id, tx_id, product_id, amt, created_by, created_at, updated_by, updated_at) VALUES ('02441f17-c672-46d7-9f6b-1bd474d3bf79', 'ad744624-96cb-449f-891f-47c671276856', '837cdd6e-95d7-4d34-97bb-4f0b941ea3c9', 2, NULL, '2023-12-14 07:38:07.407197', NULL, '2023-12-14 07:38:07.407197');
